"Unidade de Saúde";"JANEIRO/2025";"FEVEREIRO/2025";"MARÇO/2025";"ABRIL/2025";"MAIO/2025";"JUNHO/2025";"JULHO/2025";"AGOSTO/2025";"SETEMBRO/2025";"OUTUBRO/2025";"NOVEMBRO/2025";"DEZEMBRO/2025";" Total"
"0433594 CLINICA DA FAMILIA ALVARO DIFINI";"1";"0";"0";"0";"0";"0";"0";"0";"0";"0";"0";"0";"1"
"2237113 UNIDADE DE SAUDE ILHA DA PINTADA";"1";"0";"0";"0";"0";"0";"0";"0";"0";"0";"0";"1";"2"
"2237210 UNIDADE DE SAUDE TIMBAUVA";"1";"0";"0";"0";"0";"0";"0";"0";"0";"0";"0";"1";"2"
"2237245 UNIDADE DE SAUDE ASSIS BRASIL";"6";"0";"0";"0";"0";"0";"0";"0";"0";"0";"0";"1";"7"
"2237288 UNIDADE DE SAUDE APARICIO BORGES";"0";"0";"0";"0";"0";"0";"0";"0";"0";"0";"0";"1";"1"
"2237326 UNIDADE DE SAUDE CRUZEIRO DO SUL";"1";"0";"0";"0";"0";"0";"0";"0";"0";"0";"0";"0";"1"
"2237334 AMBULATORIO DE ESPECIALIDADES SANTA MARTA";"1";"0";"0";"0";"0";"0";"0";"0";"0";"0";"0";"1";"2"
"2237342 UNIDADE DE SAUDE MAPA";"2";"0";"0";"0";"0";"0";"0";"0";"0";"0";"0";"2";"4"
"2237350 UNIDADE DE SAUDE RECREIO DA DIVISA";"2";"0";"0";"0";"0";"0";"0";"0";"0";"0";"0";"0";"2"
"2237369 UNIDADE DE SAUDE BANANEIRAS";"1";"0";"0";"0";"0";"0";"0";"0";"0";"0";"0";"3";"4"
"2237377 UNIDADE DE SAUDE SAO JOSE";"4";"0";"0";"0";"0";"0";"0";"0";"0";"0";"0";"0";"4"
"2237385 AMBULATORIO DE ESPECIALIDADES IAPI";"3";"0";"0";"0";"0";"0";"0";"0";"0";"0";"0";"2";"5"
"2237423 UNIDADE DE SAUDE SAO BORJA";"0";"0";"0";"0";"0";"0";"0";"0";"0";"0";"0";"1";"1"
"2237458 UNIDADE DE SAUDE HERDEIROS";"0";"0";"0";"0";"0";"0";"0";"0";"0";"0";"0";"1";"1"
"2237512 UNIDADE DE SAUDE OSMAR FREITAS";"0";"0";"0";"0";"0";"0";"0";"0";"0";"0";"0";"1";"1"
"2237539 UNIDADE DE SAUDE CAMPOS DO CRISTAL";"2";"0";"0";"0";"0";"0";"0";"0";"0";"0";"0";"0";"2"
"2237733 UNIDADE DE SAUDE TIJUCA";"1";"0";"0";"0";"0";"0";"0";"0";"0";"0";"0";"2";"3"
"2237792 CLINICA DA FAMILIA MORRO SANTANA";"7";"0";"0";"0";"0";"0";"0";"0";"0";"0";"0";"3";"10"
"2237911 UNIDADE DE SAUDE SAFIRA NOVA";"1";"0";"0";"0";"0";"0";"0";"0";"0";"0";"0";"1";"2"
"2237946 UNIDADE DE SAUDE JARDIM CARVALHO";"6";"0";"0";"0";"0";"0";"0";"0";"0";"0";"0";"0";"6"
"2237954 UNIDADE DE SAUDE JARDIM PROTASIO ALVES";"1";"0";"0";"0";"0";"0";"0";"0";"0";"0";"0";"0";"1"
"2264196 UNIDADE DE SAUDE JARDIM DA FAPA";"1";"0";"0";"0";"0";"0";"0";"0";"0";"0";"0";"0";"1"
"2264218 UNIDADE DE SAUDE BECO DOS COQUEIROS";"2";"0";"0";"0";"0";"0";"0";"0";"0";"0";"0";"0";"2"
"2264226 UNIDADE DE SAUDE SAO GABRIEL";"0";"0";"0";"0";"0";"0";"0";"0";"0";"0";"0";"1";"1"
"2264234 UNIDADE DE SAUDE QUINTA UNIDADE";"0";"0";"0";"0";"0";"0";"0";"0";"0";"0";"0";"1";"1"
"2264250 UNIDADE DE SAUDE PASSO DAS PEDRAS II";"2";"0";"0";"0";"0";"0";"0";"0";"0";"0";"0";"1";"3"
"2264269 UNIDADE DE SAUDE MARIA DA CONCEICAO MARCELO MARTINS MOREIRA";"0";"0";"0";"0";"0";"0";"0";"0";"0";"0";"0";"1";"1"
"2264285 UNIDADE DE SAUDE FARRAPOS";"2";"0";"0";"0";"0";"0";"0";"0";"0";"0";"0";"3";"5"
"2264315 UNIDADE DE SAUDE SANTA TEREZA";"3";"0";"0";"0";"0";"0";"0";"0";"0";"0";"0";"0";"3"
"2264331 CLINICA DA FAMILIA NAVEGANTES";"4";"0";"0";"0";"0";"0";"0";"0";"0";"0";"0";"1";"5"
"2264366 UNIDADE DE SAUDE ILHA DOS MARINHEIROS";"3";"0";"0";"0";"0";"0";"0";"0";"0";"0";"0";"0";"3"
"2264374 CLINICA DA FAMILIA DIRETOR PESTANA";"5";"0";"0";"0";"0";"0";"0";"0";"0";"0";"0";"3";"8"
"2264390 CLINICA DA FAMILIA MODELO";"2";"0";"0";"0";"0";"0";"0";"0";"0";"0";"0";"6";"8"
"2264404 CLINICA DA FAMILIA JOSE MAURO CERATTI LOPES";"4";"0";"0";"0";"0";"0";"0";"0";"0";"0";"0";"0";"4"
"2264412 UNIDADE DE SAUDE CHACARA DO BANCO";"2";"0";"0";"0";"0";"0";"0";"0";"0";"0";"0";"1";"3"
"2264439 UNIDADE DE SAUDE MORRO DOS SARGENTOS";"1";"0";"0";"0";"0";"0";"0";"0";"0";"0";"0";"0";"1"
"2264455 UNIDADE DE SAUDE PONTA GROSSA";"1";"0";"0";"0";"0";"0";"0";"0";"0";"0";"0";"2";"3"
"2264463 UNIDADE DE SAUDE BECO DO ADELAR";"6";"0";"0";"0";"0";"0";"0";"0";"0";"0";"0";"1";"7"
"2264471 CLINICA DA FAMILIA BELEM NOVO";"6";"0";"0";"0";"0";"0";"0";"0";"0";"0";"0";"2";"8"
"2264501 UNIDADE DE SAUDE CALABRIA";"4";"0";"0";"0";"0";"0";"0";"0";"0";"0";"0";"0";"4"
"2264528 UNIDADE DE SAUDE CAMAQUA";"2";"0";"0";"0";"0";"0";"0";"0";"0";"0";"0";"2";"4"
"2264536 UNIDADE DE SAUDE CAMPO NOVO";"7";"0";"0";"0";"0";"0";"0";"0";"0";"0";"0";"0";"7"
"2264544 UNIDADE DE SAUDE IPANEMA";"1";"0";"0";"0";"0";"0";"0";"0";"0";"0";"0";"0";"1"
"2264552 UNIDADE DE SAUDE JARDIM DAS PALMEIRAS";"1";"0";"0";"0";"0";"0";"0";"0";"0";"0";"0";"1";"2"
"2264560 UNIDADE DE SAUDE LAMI";"5";"0";"0";"0";"0";"0";"0";"0";"0";"0";"0";"3";"8"
"2264579 UNIDADE DE SAUDE MONTE CRISTO";"6";"0";"0";"0";"0";"0";"0";"0";"0";"0";"0";"0";"6"
"2264587 UNIDADE DE SAUDE RESTINGA";"2";"0";"0";"0";"0";"0";"0";"0";"0";"0";"0";"1";"3"
"2264595 CLINICA DA FAMILIA TRISTEZA";"7";"0";"0";"0";"0";"0";"0";"0";"0";"0";"0";"2";"9"
"2264609 UNIDADE DE SAUDE MACEDONIA";"2";"0";"0";"0";"0";"0";"0";"0";"0";"0";"0";"5";"7"
"2264617 UNIDADE DE SAUDE ASA BRANCA";"1";"0";"0";"0";"0";"0";"0";"0";"0";"0";"0";"0";"1"
"2264633 UNIDADE DE SAUDE NOVA BRASILIA";"1";"0";"0";"0";"0";"0";"0";"0";"0";"0";"0";"1";"2"
"2264641 UNIDADE DE SAUDE NOVA GLEBA";"1";"0";"0";"0";"0";"0";"0";"0";"0";"0";"0";"1";"2"
"2264676 UNIDADE DE SAUDE VILA ELIZABETH";"5";"0";"0";"0";"0";"0";"0";"0";"0";"0";"0";"0";"5"
"2264684 UNIDADE DE SAUDE SARANDI";"5";"0";"0";"0";"0";"0";"0";"0";"0";"0";"0";"0";"5"
"2264692 UNIDADE DE SAUDE SANTA ROSA";"1";"0";"0";"0";"0";"0";"0";"0";"0";"0";"0";"2";"3"
"2264706 UNIDADE DE SAUDE RAMOS";"3";"0";"0";"0";"0";"0";"0";"0";"0";"0";"0";"1";"4"
"2264714 UNIDADE DE SAUDE JENOR JARROS";"2";"0";"0";"0";"0";"0";"0";"0";"0";"0";"0";"2";"4"
"2264722 UNIDADE DE SAUDE ESMERALDA";"2";"0";"0";"0";"0";"0";"0";"0";"0";"0";"0";"1";"3"
"2264749 UNIDADE DE SAUDE PITINGA";"1";"0";"0";"0";"0";"0";"0";"0";"0";"0";"0";"0";"1"
"2264757 UNIDADE DE SAUDE VICOSA";"0";"0";"0";"0";"0";"0";"0";"0";"0";"0";"0";"1";"1"
"2264765 UNIDADE DE SAUDE MATO SAMPAIO";"2";"0";"0";"0";"0";"0";"0";"0";"0";"0";"0";"1";"3"
"2264781 UNIDADE DE SAUDE VILA PINTO";"1";"0";"0";"0";"0";"0";"0";"0";"0";"0";"0";"0";"1"
"2264811 UNIDADE DE SAUDE VILA IPIRANGA";"1";"0";"0";"0";"0";"0";"0";"0";"0";"0";"0";"0";"1"
"2264838 UNIDADE DE SAUDE SAO CARLOS";"2";"0";"0";"0";"0";"0";"0";"0";"0";"0";"0";"1";"3"
"2264846 UNIDADE DE SAUDE VILA JARDIM";"4";"0";"0";"0";"0";"0";"0";"0";"0";"0";"0";"3";"7"
"2264854 UNIDADE DE SAUDE SAO CRISTOVAO";"2";"0";"0";"0";"0";"0";"0";"0";"0";"0";"0";"2";"4"
"2264862 UNIDADE DE SAUDE RUBEM BERTA";"1";"0";"0";"0";"0";"0";"0";"0";"0";"0";"0";"3";"4"
"2264870 UNIDADE DE SAUDE CHACARA DA FUMACA";"5";"0";"0";"0";"0";"0";"0";"0";"0";"0";"0";"1";"6"
"2264889 UNIDADE DE SAUDE VILA SAFIRA";"0";"0";"0";"0";"0";"0";"0";"0";"0";"0";"0";"1";"1"
"2264897 UNIDADE DE SAUDE WENCESLAU FONTOURA";"1";"0";"0";"0";"0";"0";"0";"0";"0";"0";"0";"1";"2"
"2264935 UNIDADE DE SAUDE SANTA ANITA";"1";"0";"0";"0";"0";"0";"0";"0";"0";"0";"0";"1";"2"
"2264943 UNIDADE DE SAUDE ALTO ERECHIM";"1";"0";"0";"0";"0";"0";"0";"0";"0";"0";"0";"1";"2"
"2264951 UNIDADE DE SAUDE JARDIM CASCATA";"4";"0";"0";"0";"0";"0";"0";"0";"0";"0";"0";"2";"6"
"2264986 CLINICA DA FAMILIA PRIMEIRO DE MAIO";"2";"0";"0";"0";"0";"0";"0";"0";"0";"0";"0";"2";"4"
"2265001 UNIDADE DE SAUDE NONOAI";"4";"0";"0";"0";"0";"0";"0";"0";"0";"0";"0";"0";"4"
"2265028 UNIDADE DE SAUDE ESTRADA DOS ALPES";"1";"0";"0";"0";"0";"0";"0";"0";"0";"0";"0";"0";"1"
"2265036 UNIDADE DE SAUDE VILA CRUZEIRO";"3";"0";"0";"0";"0";"0";"0";"0";"0";"0";"0";"2";"5"
"2265044 UNIDADE DE SAUDE GLORIA";"3";"0";"0";"0";"0";"0";"0";"0";"0";"0";"0";"0";"3"
"2265079 UNIDADE DE SAUDE JARDIM ITU";"2";"0";"0";"0";"0";"0";"0";"0";"0";"0";"0";"2";"4"
"2265087 UNIDADE DE SAUDE COSTA E SILVA";"3";"0";"0";"0";"0";"0";"0";"0";"0";"0";"0";"1";"4"
"2265109 UNIDADE DE SAUDE FLORESTA";"1";"0";"0";"0";"0";"0";"0";"0";"0";"0";"0";"1";"2"
"2265125 UNIDADE DE SAUDE JARDIM LEOPOLDINA";"0";"0";"0";"0";"0";"0";"0";"0";"0";"0";"0";"2";"2"
"2265133 UNIDADE DE SAUDE SESC";"2";"0";"0";"0";"0";"0";"0";"0";"0";"0";"0";"1";"3"
"2265141 UNIDADE DE SAUDE BARAO DE BAGE";"0";"0";"0";"0";"0";"0";"0";"0";"0";"0";"0";"1";"1"
"2265168 UNIDADE DE SAUDE CONCEICAO";"2";"0";"0";"0";"0";"0";"0";"0";"0";"0";"0";"1";"3"
"2265176 UNIDADE DE SAUDE SANTISSIMA TRINDADE";"0";"0";"0";"0";"0";"0";"0";"0";"0";"0";"0";"1";"1"
"2265192 UNIDADE DE SAUDE COINMA";"3";"0";"0";"0";"0";"0";"0";"0";"0";"0";"0";"1";"4"
"2265206 UNIDADE DE SAUDE NOSSA SENHORA APARECIDA";"5";"0";"0";"0";"0";"0";"0";"0";"0";"0";"0";"2";"7"
"2265214 UNIDADE DE SAUDE PASSO DAS PEDRAS I";"4";"0";"0";"0";"0";"0";"0";"0";"0";"0";"0";"4";"8"
"2693437 UNIDADE DE SAUDE GUARUJA";"4";"0";"0";"0";"0";"0";"0";"0";"0";"0";"0";"0";"4"
"2693801 ASSOCIACAO HOSPITALAR VILA NOVA";"22";"18";"545";"573";"718";"648";"620";"394";"432";"764";"1242";"688";"6664"
"3306453 UNIDADE DE SAUDE NOSSA SENHORA DAS GRACAS";"1";"0";"0";"0";"0";"0";"0";"0";"0";"0";"0";"0";"1"
"3321401 UNIDADE DE SAUDE SANTA MARIA";"2";"0";"0";"0";"0";"0";"0";"0";"0";"0";"0";"2";"4"
"3321428 UNIDADE DE SAUDE SANTA FE";"1";"0";"0";"0";"0";"0";"0";"0";"0";"0";"0";"1";"2"
"3437159 UNIDADE DE SAUDE MARIO QUINTANA";"1";"0";"0";"0";"0";"0";"0";"0";"0";"0";"0";"4";"5"
"3927997 UNIDADE DE SAUDE SANTO AGOSTINHO";"1";"0";"0";"0";"0";"0";"0";"0";"0";"0";"0";"0";"1"
"3979938 UNIDADE DE SAUDE DIVISA";"1";"0";"0";"0";"0";"0";"0";"0";"0";"0";"0";"1";"2"
"4060431 SAE MURIALDO";"1";"0";"0";"0";"0";"0";"0";"0";"0";"0";"0";"0";"1"
"5007518 UNIDADE DE SAUDE RINCAO";"2";"0";"0";"0";"0";"0";"0";"0";"0";"0";"0";"0";"2"
"5377978 UNIDADE DE SAUDE ESPERANCA CORDEIRO";"3";"0";"0";"0";"0";"0";"0";"0";"0";"0";"0";"1";"4"
"5473764 UNIDADE DE SAUDE SANTA HELENA";"1";"0";"0";"0";"0";"0";"0";"0";"0";"0";"0";"3";"4"
"5473810 UNIDADE DE SAUDE LOMBA DO PINHEIRO";"1";"0";"0";"0";"0";"0";"0";"0";"0";"0";"0";"0";"1"
"5878632 UNIDADE DE SAUDE PANORAMA";"1";"0";"0";"0";"0";"0";"0";"0";"0";"0";"0";"4";"5"
"6130917 UNIDADE DE SAUDE NOSSA SENHORA DE BELEM";"3";"0";"0";"0";"0";"0";"0";"0";"0";"0";"0";"1";"4"
"6247938 UNIDADE DE SAUDE VILA NOVA IPANEMA";"2";"0";"0";"0";"0";"0";"0";"0";"0";"0";"0";"0";"2"
"6676227 UNIDADE DE SAUDE PAULO VIARO";"2";"0";"0";"0";"0";"0";"0";"0";"0";"0";"0";"1";"3"
"6883184 CLINICA DA FAMILIA MOAB CALDAS";"3";"0";"0";"0";"0";"0";"0";"0";"0";"0";"0";"1";"4"
"6883257 UNIDADE DE SAUDE BOM JESUS";"1";"0";"0";"0";"0";"0";"0";"0";"0";"0";"0";"7";"8"
"6883303 CLINICA DA FAMILIA IAPI";"16";"0";"0";"0";"0";"0";"0";"0";"0";"0";"0";"5";"21"
"6883354 CLINICA DA FAMILIA SANTA MARTA";"5";"0";"0";"0";"0";"0";"0";"0";"0";"0";"0";"1";"6"
"6924492 AMBULATORIO DE ESPECIALIDADES CAMAQUA";"0";"0";"0";"0";"0";"0";"0";"0";"0";"0";"0";"1";"1"
"6950086 SAE IAPI";"0";"0";"0";"0";"0";"0";"0";"0";"0";"0";"0";"1";"1"
"7049579 UNIDADE DE SAUDE FRADIQUE VIZEU";"1";"0";"0";"0";"0";"0";"0";"0";"0";"0";"0";"1";"2"
"7076584 UNIDADE DE SAUDE CHAPEU DO SOL";"2";"0";"0";"0";"0";"0";"0";"0";"0";"0";"0";"2";"4"
"7150547 UNIDADE DE SAUDE VILA FATIMA";"1";"0";"0";"0";"0";"0";"0";"0";"0";"0";"0";"2";"3"
"7449283 UNIDADE DE SAUDE DOMENICO FEOLI";"0";"0";"0";"0";"0";"0";"0";"0";"0";"0";"0";"1";"1"
"7497547 UNIDADE DE SAUDE NUCLEO ESPERANCA";"0";"0";"0";"0";"0";"0";"0";"0";"0";"0";"0";"1";"1"
"7517904 UNIDADE DE SAUDE PAULO AVILA";"1";"0";"0";"0";"0";"0";"0";"0";"0";"0";"0";"1";"2"
"8006830 UNIDADE DE SAUDE CERES";"3";"0";"0";"0";"0";"0";"0";"0";"0";"0";"0";"1";"4"
"8006849 UNIDADE DE SAUDE ERNESTO ARAUJO";"1";"0";"0";"0";"0";"0";"0";"0";"0";"0";"0";"1";"2"
"8006865 CLINICA DA FAMILIA CAMPO DA TUCA";"0";"0";"0";"0";"0";"0";"0";"0";"0";"0";"0";"1";"1"
"8006873 UNIDADE DE SAUDE MORRO DA CRUZ";"1";"0";"0";"0";"0";"0";"0";"0";"0";"0";"0";"0";"1"
"8006881 AMBULATORIO DE ESPECIALIDADES MURIALDO";"2";"0";"0";"0";"0";"0";"0";"0";"0";"0";"0";"1";"3"
"8006903 UNIDADE DE SAUDE SANTO ALFREDO";"2";"0";"0";"0";"0";"0";"0";"0";"0";"0";"0";"0";"2"
"8013632 UNIDADE DE SAUDE MORADAS DA HIPICA";"2";"0";"0";"0";"0";"0";"0";"0";"0";"0";"0";"1";"3"
"9132562 AMBULATORIO DE ESPECIALIDADES VILA DOS COMERCIARIOS";"1";"0";"0";"0";"0";"0";"0";"0";"0";"0";"0";"0";"1"
"Total";"295";"18";"545";"573";"718";"648";"620";"394";"432";"764";"1242";"840";"7089"
