"Munic.da un.saúde";"JANEIRO/2025";"FEVEREIRO/2025";"MARÇO/2025";"ABRIL/2025";"MAIO/2025";"JUNHO/2025";"JULHO/2025";"AGOSTO/2025";"SETEMBRO/2025";"OUTUBRO/2025";"NOVEMBRO/2025";"DEZEMBRO/2025";" Total"
"430003 ACEGUA";"12";"11";"6";"8";"14";"6";"14";"6";"11";"14";"8";"6";"116"
"430005 AGUA SANTA";"13";"14";"16";"12";"13";"7";"6";"14";"7";"12";"30";"35";"179"
"430010 AGUDO";"116";"130";"139";"109";"161";"117";"35";"106";"178";"224";"361";"214";"1890"
"430020 AJURICABA";"44";"45";"20";"22";"36";"25";"22";"29";"10";"25";"32";"17";"327"
"430030 ALECRIM";"11";"20";"31";"20";"28";"25";"11";"8";"7";"30";"9";"41";"241"
"430040 ALEGRETE";"291";"251";"180";"257";"272";"202";"236";"205";"238";"280";"288";"283";"2983"
"430045 ALEGRIA";"4";"5";"14";"4";"22";"20";"13";"15";"15";"5";"0";"17";"134"
"430047 ALMIRANTE TAMANDARE DO SUL";"9";"2";"0";"0";"0";"2";"6";"20";"11";"8";"23";"7";"88"
"430050 ALPESTRE";"26";"22";"20";"0";"1";"6";"11";"28";"51";"5";"41";"17";"228"
"430055 ALTO ALEGRE";"2";"4";"5";"0";"4";"4";"5";"1";"7";"0";"7";"3";"42"
"430057 ALTO FELIZ";"15";"7";"9";"7";"7";"0";"7";"4";"4";"1";"5";"7";"73"
"430060 ALVORADA";"439";"520";"468";"660";"189";"0";"0";"628";"983";"822";"1234";"591";"6534"
"430063 AMARAL FERRADOR";"19";"3";"14";"7";"0";"5";"4";"2";"1";"12";"20";"15";"102"
"430064 AMETISTA DO SUL";"27";"21";"16";"28";"3";"21";"24";"24";"16";"13";"92";"21";"306"
"430066 ANDRE DA ROCHA";"6";"4";"4";"2";"7";"0";"7";"4";"3";"0";"0";"2";"39"
"430070 ANTA GORDA";"20";"19";"20";"9";"21";"9";"13";"24";"19";"24";"23";"14";"215"
"430080 ANTONIO PRADO";"36";"38";"33";"34";"27";"30";"44";"29";"24";"63";"65";"52";"475"
"430085 ARAMBARE";"3";"0";"0";"0";"0";"0";"0";"0";"0";"0";"0";"0";"3"
"430087 ARARICA";"0";"0";"22";"5";"11";"9";"7";"7";"7";"8";"13";"11";"100"
"430090 ARATIBA";"28";"22";"23";"21";"15";"14";"17";"19";"22";"24";"21";"15";"241"
"430100 ARROIO DO MEIO";"52";"51";"57";"41";"57";"54";"54";"63";"56";"46";"45";"192";"768"
"430105 ARROIO DO SAL";"28";"27";"23";"21";"20";"25";"28";"25";"11";"9";"8";"2";"227"
"430107 ARROIO DO PADRE";"5";"8";"4";"8";"5";"0";"8";"5";"6";"6";"0";"0";"55"
"430110 ARROIO DOS RATOS";"0";"0";"0";"7";"2";"5";"12";"0";"0";"0";"0";"0";"26"
"430120 ARROIO DO TIGRE";"115";"104";"45";"64";"57";"43";"54";"49";"58";"76";"74";"56";"795"
"430130 ARROIO GRANDE";"0";"37";"39";"36";"14";"0";"29";"33";"32";"35";"0";"0";"255"
"430140 ARVOREZINHA";"12";"42";"20";"23";"25";"23";"13";"20";"19";"36";"14";"20";"267"
"430150 AUGUSTO PESTANA";"9";"32";"22";"22";"45";"34";"18";"34";"38";"38";"1";"28";"321"
"430155 AUREA";"2";"3";"3";"1";"8";"5";"1";"0";"7";"0";"7";"7";"44"
"430160 BAGE";"206";"144";"130";"170";"134";"104";"112";"134";"70";"247";"133";"121";"1705"
"430163 BALNEARIO PINHAL";"6";"44";"42";"15";"34";"30";"38";"29";"44";"31";"37";"50";"400"
"430165 BARAO";"9";"20";"19";"23";"17";"13";"16";"6";"13";"15";"16";"35";"202"
"430170 BARAO DE COTEGIPE";"6";"6";"20";"16";"17";"8";"10";"19";"22";"21";"24";"14";"183"
"430175 BARAO DO TRIUNFO";"0";"0";"0";"8";"3";"0";"23";"0";"0";"0";"0";"0";"34"
"430180 BARRACAO";"24";"27";"39";"7";"36";"16";"15";"10";"17";"34";"30";"41";"296"
"430185 BARRA DO GUARITA";"5";"6";"9";"3";"5";"2";"1";"0";"0";"0";"0";"6";"37"
"430187 BARRA DO QUARAI";"0";"0";"0";"0";"0";"1";"0";"1";"0";"0";"0";"0";"2"
"430192 BARRA DO RIO AZUL";"3";"3";"0";"4";"1";"4";"0";"4";"3";"10";"4";"0";"36"
"430195 BARRA FUNDA";"13";"0";"13";"12";"0";"8";"4";"1";"3";"13";"12";"6";"85"
"430200 BARROS CASSAL";"10";"18";"15";"17";"17";"13";"6";"10";"28";"21";"39";"17";"211"
"430205 BENJAMIN CONSTANT DO SUL";"3";"0";"2";"1";"1";"0";"1";"4";"1";"0";"0";"2";"15"
"430210 BENTO GONCALVES";"323";"445";"445";"454";"385";"324";"380";"379";"391";"485";"434";"337";"4782"
"430215 BOA VISTA DAS MISSOES";"0";"2";"0";"3";"0";"0";"0";"0";"1";"0";"3";"12";"21"
"430220 BOA VISTA DO BURICA";"22";"15";"10";"23";"18";"12";"34";"17";"12";"27";"10";"43";"243"
"430222 BOA VISTA DO CADEADO";"5";"2";"3";"21";"0";"11";"7";"7";"9";"3";"10";"11";"89"
"430223 BOA VISTA DO INCRA";"15";"22";"10";"16";"16";"19";"18";"3";"14";"1";"14";"6";"154"
"430225 BOA VISTA DO SUL";"3";"0";"28";"3";"1";"0";"25";"21";"12";"16";"5";"0";"114"
"430230 BOM JESUS";"0";"17";"0";"13";"13";"9";"7";"0";"0";"21";"6";"0";"86"
"430235 BOM PRINCIPIO";"14";"17";"44";"21";"15";"29";"20";"37";"18";"27";"19";"29";"290"
"430237 BOM PROGRESSO";"10";"6";"6";"2";"6";"3";"8";"9";"9";"7";"7";"5";"78"
"430240 BOM RETIRO DO SUL";"0";"0";"0";"0";"0";"0";"26";"71";"42";"40";"35";"34";"248"
"430245 BOQUEIRAO DO LEAO";"10";"6";"19";"20";"18";"20";"20";"18";"17";"19";"19";"18";"204"
"430250 BOSSOROCA";"1";"23";"11";"17";"26";"18";"1";"2";"33";"29";"4";"15";"180"
"430258 BOZANO";"11";"16";"8";"11";"7";"11";"10";"12";"11";"16";"5";"35";"153"
"430260 BRAGA";"1";"1";"5";"6";"1";"16";"10";"6";"5";"7";"14";"2";"74"
"430265 BROCHIER";"13";"24";"28";"0";"28";"13";"15";"14";"11";"26";"27";"1";"200"
"430270 BUTIA";"0";"0";"0";"0";"0";"0";"3";"0";"0";"0";"0";"0";"3"
"430280 CACAPAVA DO SUL";"29";"33";"35";"46";"58";"55";"61";"27";"72";"160";"113";"111";"800"
"430290 CACEQUI";"28";"24";"23";"40";"20";"10";"24";"44";"24";"34";"11";"29";"311"
"430300 CACHOEIRA DO SUL";"165";"248";"201";"171";"243";"266";"170";"152";"162";"194";"220";"190";"2382"
"430310 CACHOEIRINHA";"39";"37";"37";"45";"24";"30";"29";"7";"41";"16";"1";"50";"356"
"430320 CACIQUE DOBLE";"32";"27";"39";"36";"25";"45";"26";"33";"26";"18";"39";"24";"370"
"430330 CAIBATE";"19";"9";"0";"15";"16";"21";"26";"11";"13";"23";"14";"27";"194"
"430340 CAICARA";"24";"21";"39";"21";"7";"10";"6";"30";"22";"19";"21";"66";"286"
"430350 CAMAQUA";"232";"470";"118";"268";"225";"222";"229";"240";"236";"237";"209";"246";"2932"
"430355 CAMARGO";"0";"2";"3";"0";"3";"4";"3";"3";"1";"11";"8";"1";"39"
"430367 CAMPESTRE DA SERRA";"7";"8";"0";"0";"8";"11";"8";"1";"0";"22";"8";"0";"73"
"430370 CAMPINA DAS MISSOES";"29";"11";"26";"17";"21";"2";"17";"14";"25";"19";"21";"52";"254"
"430380 CAMPINAS DO SUL";"9";"11";"13";"9";"15";"7";"13";"25";"5";"18";"16";"13";"154"
"430390 CAMPO BOM";"348";"242";"456";"311";"380";"379";"355";"388";"358";"420";"338";"334";"4309"
"430400 CAMPO NOVO";"0";"2";"15";"6";"14";"4";"11";"7";"7";"10";"14";"16";"106"
"430410 CAMPOS BORGES";"1";"6";"8";"8";"7";"6";"5";"12";"10";"9";"6";"11";"89"
"430420 CANDELARIA";"34";"71";"61";"60";"10";"76";"89";"41";"60";"128";"54";"47";"731"
"430430 CANDIDO GODOI";"29";"9";"8";"29";"35";"0";"10";"4";"15";"16";"10";"31";"196"
"430435 CANDIOTA";"20";"8";"5";"11";"10";"5";"6";"7";"2";"20";"7";"13";"114"
"430440 CANELA";"127";"188";"155";"87";"160";"132";"102";"76";"183";"128";"202";"196";"1736"
"430450 CANGUCU";"100";"98";"104";"96";"72";"129";"0";"115";"102";"100";"96";"109";"1121"
"430460 CANOAS";"641";"976";"390";"669";"235";"30";"380";"470";"294";"871";"626";"748";"6330"
"430461 CANUDOS DO VALE";"0";"0";"0";"0";"0";"0";"4";"7";"6";"7";"7";"6";"37"
"430462 CAPAO BONITO DO SUL";"7";"6";"3";"5";"7";"1";"3";"7";"3";"3";"2";"3";"50"
"430463 CAPAO DA CANOA";"49";"90";"135";"157";"128";"91";"164";"81";"117";"145";"170";"86";"1413"
"430465 CAPAO DO CIPO";"0";"1";"8";"8";"10";"10";"11";"7";"0";"0";"1";"9";"65"
"430466 CAPAO DO LEAO";"9";"55";"39";"30";"26";"0";"34";"43";"31";"40";"1";"0";"308"
"430467 CAPIVARI DO SUL";"42";"47";"49";"37";"39";"21";"22";"28";"31";"26";"16";"30";"388"
"430468 CAPELA DE SANTANA";"19";"28";"12";"25";"44";"53";"13";"25";"34";"31";"49";"62";"395"
"430469 CAPITAO";"9";"7";"6";"13";"9";"7";"18";"9";"17";"9";"8";"8";"120"
"430470 CARAZINHO";"162";"196";"276";"185";"215";"189";"198";"202";"196";"289";"160";"144";"2412"
"430471 CARAA";"27";"16";"43";"28";"14";"37";"34";"30";"24";"25";"17";"28";"323"
"430480 CARLOS BARBOSA";"119";"95";"150";"148";"184";"116";"126";"131";"160";"212";"126";"141";"1708"
"430485 CARLOS GOMES";"0";"4";"3";"3";"0";"1";"1";"6";"9";"11";"0";"8";"46"
"430490 CASCA";"16";"31";"23";"20";"36";"26";"27";"16";"35";"26";"11";"36";"303"
"430495 CASEIROS";"0";"0";"5";"0";"0";"0";"12";"1";"8";"3";"7";"6";"42"
"430500 CATUIPE";"50";"42";"34";"43";"54";"32";"27";"30";"42";"45";"51";"105";"555"
"430510 CAXIAS DO SUL";"1091";"1258";"1123";"1194";"1193";"1089";"1334";"1242";"1098";"1232";"758";"1374";"13986"
"430511 CENTENARIO";"2";"9";"6";"5";"0";"7";"8";"0";"0";"0";"10";"5";"52"
"430512 CERRITO";"8";"8";"4";"9";"0";"0";"10";"6";"8";"10";"0";"0";"63"
"430513 CERRO BRANCO";"4";"12";"8";"8";"11";"3";"12";"4";"8";"4";"4";"19";"97"
"430515 CERRO GRANDE";"13";"5";"25";"18";"0";"14";"8";"12";"0";"0";"5";"7";"107"
"430520 CERRO LARGO";"26";"16";"21";"28";"8";"35";"6";"33";"6";"32";"13";"19";"243"
"430530 CHAPADA";"24";"16";"23";"34";"38";"26";"45";"33";"64";"17";"24";"38";"382"
"430535 CHARQUEADAS";"74";"103";"138";"120";"164";"93";"98";"85";"175";"200";"207";"223";"1680"
"430537 CHARRUA";"14";"4";"13";"13";"14";"10";"10";"26";"17";"17";"10";"21";"169"
"430540 CHIAPETTA";"0";"4";"1";"3";"3";"3";"12";"28";"29";"60";"41";"17";"201"
"430543 CHUI";"9";"16";"12";"11";"9";"7";"39";"15";"8";"45";"22";"10";"203"
"430545 CIDREIRA";"28";"18";"33";"10";"36";"26";"42";"33";"58";"36";"31";"64";"415"
"430550 CIRIACO";"18";"17";"11";"14";"11";"11";"23";"15";"15";"28";"43";"20";"226"
"430558 COLINAS";"9";"0";"19";"0";"7";"1";"9";"9";"24";"9";"9";"2";"98"
"430560 COLORADO";"5";"5";"5";"1";"7";"11";"2";"13";"15";"8";"40";"12";"124"
"430570 CONDOR";"11";"18";"18";"32";"35";"18";"21";"15";"23";"27";"21";"22";"261"
"430580 CONSTANTINA";"11";"22";"38";"24";"49";"25";"37";"24";"30";"39";"32";"23";"354"
"430583 COQUEIRO BAIXO";"8";"8";"8";"22";"8";"12";"8";"7";"7";"4";"8";"6";"106"
"430585 COQUEIROS DO SUL";"5";"15";"6";"3";"16";"8";"16";"26";"8";"21";"18";"21";"163"
"430587 CORONEL BARROS";"0";"0";"10";"14";"1";"0";"23";"8";"4";"27";"2";"42";"131"
"430590 CORONEL BICACO";"14";"6";"10";"7";"18";"1";"7";"1";"13";"9";"6";"3";"95"
"430593 CORONEL PILAR";"14";"0";"12";"22";"12";"8";"8";"6";"4";"5";"8";"22";"121"
"430595 COTIPORA";"7";"3";"5";"6";"7";"5";"6";"3";"1";"0";"5";"0";"48"
"430597 COXILHA";"10";"12";"2";"0";"0";"18";"14";"4";"18";"10";"13";"6";"107"
"430600 CRISSIUMAL";"15";"45";"41";"38";"49";"42";"49";"37";"56";"36";"58";"36";"502"
"430605 CRISTAL";"0";"0";"0";"8";"4";"11";"2";"3";"0";"5";"5";"2";"40"
"430607 CRISTAL DO SUL";"6";"8";"8";"10";"8";"1";"5";"2";"3";"2";"22";"10";"85"
"430610 CRUZ ALTA";"252";"237";"101";"136";"184";"123";"240";"158";"95";"98";"212";"200";"2036"
"430613 CRUZALTENSE";"4";"2";"7";"4";"2";"2";"3";"6";"3";"8";"6";"3";"50"
"430620 CRUZEIRO DO SUL";"34";"37";"35";"44";"41";"35";"32";"33";"37";"37";"35";"35";"435"
"430630 DAVID CANABARRO";"17";"37";"36";"42";"42";"37";"24";"17";"29";"30";"50";"58";"419"
"430632 DERRUBADAS";"11";"7";"8";"6";"11";"8";"4";"6";"6";"6";"20";"7";"100"
"430635 DEZESSEIS DE NOVEMBRO";"6";"17";"12";"13";"20";"8";"1";"14";"13";"16";"14";"10";"144"
"430637 DILERMANDO DE AGUIAR";"1";"1";"0";"1";"1";"7";"7";"19";"14";"38";"17";"32";"138"
"430640 DOIS IRMAOS";"168";"162";"146";"115";"135";"139";"167";"152";"107";"182";"162";"156";"1791"
"430642 DOIS IRMAOS DAS MISSOES";"0";"5";"0";"0";"0";"1";"15";"0";"10";"13";"12";"12";"68"
"430645 DOIS LAJEADOS";"16";"16";"15";"16";"12";"15";"11";"13";"12";"14";"11";"11";"162"
"430650 DOM FELICIANO";"0";"4";"3";"11";"15";"15";"12";"17";"0";"6";"26";"6";"115"
"430655 DOM PEDRO DE ALCANTARA";"16";"8";"29";"8";"24";"42";"13";"13";"18";"18";"17";"2";"208"
"430660 DOM PEDRITO";"66";"40";"43";"45";"76";"32";"58";"7";"42";"77";"43";"37";"566"
"430670 DONA FRANCISCA";"4";"8";"7";"6";"16";"15";"9";"12";"4";"8";"17";"19";"125"
"430673 DOUTOR MAURICIO CARDOSO";"28";"5";"10";"15";"20";"5";"20";"13";"18";"19";"10";"30";"193"
"430675 DOUTOR RICARDO";"13";"12";"6";"6";"11";"14";"16";"9";"6";"9";"5";"3";"110"
"430680 ENCANTADO";"70";"70";"66";"69";"72";"103";"116";"95";"103";"74";"80";"66";"984"
"430692 ENGENHO VELHO";"5";"8";"12";"14";"9";"17";"8";"8";"0";"8";"3";"0";"92"
"430693 ENTRE-IJUIS";"5";"15";"7";"20";"22";"15";"0";"36";"9";"7";"8";"47";"191"
"430695 ENTRE RIOS DO SUL";"4";"3";"2";"0";"0";"0";"0";"0";"0";"0";"5";"5";"19"
"430697 EREBANGO";"0";"1";"3";"0";"0";"1";"1";"0";"0";"0";"2";"2";"10"
"430700 ERECHIM";"182";"299";"327";"216";"256";"212";"295";"271";"207";"278";"330";"160";"3033"
"430705 ERNESTINA";"20";"7";"3";"0";"0";"6";"14";"5";"1";"34";"16";"8";"114"
"430710 HERVAL";"0";"5";"5";"12";"0";"0";"12";"8";"8";"12";"69";"30";"161"
"430720 ERVAL GRANDE";"17";"8";"23";"4";"10";"7";"10";"13";"13";"22";"19";"13";"159"
"430730 ERVAL SECO";"24";"20";"16";"17";"0";"0";"23";"20";"27";"17";"1";"0";"165"
"430740 ESMERALDA";"1";"2";"9";"0";"0";"8";"0";"0";"0";"17";"9";"0";"46"
"430745 ESPERANCA DO SUL";"6";"11";"19";"28";"11";"5";"3";"13";"11";"8";"15";"20";"150"
"430750 ESPUMOSO";"22";"17";"33";"18";"40";"19";"41";"34";"42";"26";"47";"39";"378"
"430755 ESTACAO";"0";"0";"0";"0";"0";"0";"0";"0";"2";"0";"0";"2";"4"
"430760 ESTANCIA VELHA";"0";"230";"198";"181";"123";"185";"97";"0";"0";"0";"0";"109";"1123"
"430770 ESTEIO";"274";"194";"225";"211";"174";"178";"171";"161";"167";"212";"159";"111";"2237"
"430780 ESTRELA";"67";"56";"55";"49";"61";"46";"63";"53";"69";"72";"60";"95";"746"
"430781 ESTRELA VELHA";"34";"16";"21";"27";"26";"28";"25";"25";"15";"25";"14";"17";"273"
"430783 EUGENIO DE CASTRO";"0";"3";"5";"4";"7";"0";"2";"3";"8";"5";"5";"12";"54"
"430786 FAGUNDES VARELA";"2";"0";"0";"2";"3";"1";"2";"3";"2";"0";"1";"2";"18"
"430790 FARROUPILHA";"169";"156";"502";"185";"152";"142";"195";"166";"307";"414";"137";"178";"2703"
"430800 FAXINAL DO SOTURNO";"35";"31";"33";"34";"33";"30";"23";"42";"35";"53";"36";"50";"435"
"430805 FAXINALZINHO";"7";"4";"12";"6";"7";"6";"11";"7";"1";"11";"4";"5";"81"
"430807 FAZENDA VILANOVA";"0";"0";"0";"0";"0";"0";"10";"0";"5";"9";"9";"10";"43"
"430810 FELIZ";"32";"27";"30";"29";"28";"27";"30";"25";"24";"25";"28";"31";"336"
"430820 FLORES DA CUNHA";"153";"99";"132";"113";"123";"69";"133";"62";"171";"62";"170";"141";"1428"
"430825 FLORIANO PEIXOTO";"0";"1";"0";"0";"0";"1";"0";"1";"2";"2";"0";"0";"7"
"430830 FONTOURA XAVIER";"31";"49";"8";"18";"30";"28";"14";"18";"5";"38";"65";"32";"336"
"430840 FORMIGUEIRO";"11";"1";"1";"0";"0";"0";"0";"7";"0";"8";"4";"1";"33"
"430843 FORQUETINHA";"0";"0";"1";"0";"0";"0";"10";"0";"12";"11";"11";"10";"55"
"430845 FORTALEZA DOS VALOS";"36";"40";"17";"14";"7";"26";"8";"8";"5";"4";"24";"21";"210"
"430850 FREDERICO WESTPHALEN";"103";"121";"75";"69";"27";"13";"41";"62";"45";"129";"165";"201";"1051"
"430860 GARIBALDI";"134";"96";"62";"46";"57";"117";"116";"110";"222";"202";"161";"25";"1348"
"430865 GARRUCHOS";"7";"13";"5";"8";"17";"16";"0";"6";"10";"18";"7";"22";"129"
"430880 GENERAL CAMARA";"0";"0";"0";"10";"8";"2";"5";"0";"0";"0";"0";"0";"25"
"430885 GENTIL";"8";"10";"6";"6";"6";"13";"8";"7";"10";"6";"6";"6";"92"
"430900 GIRUA";"71";"66";"65";"43";"66";"55";"59";"81";"52";"96";"127";"139";"920"
"430905 GLORINHA";"25";"30";"31";"39";"35";"25";"27";"30";"20";"25";"37";"17";"341"
"430910 GRAMADO";"120";"118";"173";"165";"191";"181";"180";"165";"146";"177";"102";"123";"1841"
"430912 GRAMADO DOS LOUREIROS";"20";"5";"8";"5";"6";"2";"15";"13";"8";"0";"9";"2";"93"
"430915 GRAMADO XAVIER";"1";"7";"5";"8";"0";"9";"14";"12";"9";"11";"12";"8";"96"
"430920 GRAVATAI";"742";"744";"681";"916";"759";"704";"610";"705";"783";"1021";"1036";"632";"9333"
"430925 GUABIJU";"8";"8";"6";"0";"1";"16";"5";"10";"9";"0";"0";"9";"72"
"430930 GUAIBA";"176";"186";"0";"0";"392";"331";"2249";"303";"268";"267";"188";"276";"4636"
"430940 GUAPORE";"43";"59";"46";"39";"43";"54";"43";"26";"42";"115";"0";"200";"710"
"430950 GUARANI DAS MISSOES";"23";"12";"47";"0";"45";"20";"9";"0";"19";"29";"19";"51";"274"
"430955 HARMONIA";"15";"9";"19";"23";"42";"31";"7";"0";"8";"68";"22";"20";"264"
"430957 HERVEIRAS";"6";"6";"10";"8";"0";"6";"9";"5";"11";"8";"6";"5";"80"
"430960 HORIZONTINA";"55";"9";"37";"36";"48";"38";"18";"32";"34";"36";"13";"61";"417"
"430965 HULHA NEGRA";"13";"0";"9";"15";"8";"10";"10";"1";"2";"9";"2";"3";"82"
"430970 HUMAITA";"0";"10";"20";"14";"4";"11";"24";"3";"22";"4";"22";"12";"146"
"430975 IBARAMA";"1";"19";"18";"15";"15";"19";"33";"16";"29";"33";"13";"18";"229"
"430980 IBIACA";"23";"8";"21";"20";"21";"9";"10";"20";"14";"25";"38";"46";"255"
"430990 IBIRAIARAS";"37";"22";"19";"24";"38";"60";"27";"21";"34";"30";"42";"61";"415"
"430995 IBIRAPUITA";"5";"1";"8";"22";"1";"3";"12";"18";"10";"11";"23";"33";"147"
"431000 IBIRUBA";"34";"16";"62";"36";"17";"41";"11";"16";"33";"19";"51";"50";"386"
"431010 IGREJINHA";"104";"66";"69";"33";"11";"75";"50";"45";"40";"57";"48";"55";"653"
"431020 IJUI";"297";"366";"359";"266";"277";"358";"274";"326";"316";"421";"346";"315";"3921"
"431030 ILOPOLIS";"15";"22";"38";"25";"17";"21";"28";"20";"20";"30";"14";"20";"270"
"431033 IMBE";"68";"31";"79";"70";"70";"89";"62";"71";"89";"59";"78";"95";"861"
"431036 IMIGRANTE";"15";"14";"11";"14";"12";"11";"10";"12";"8";"12";"11";"12";"142"
"431040 INDEPENDENCIA";"11";"29";"26";"27";"19";"29";"6";"28";"5";"18";"9";"24";"231"
"431041 INHACORA";"0";"0";"0";"0";"0";"0";"14";"17";"10";"26";"15";"17";"99"
"431043 IPE";"38";"10";"23";"25";"25";"24";"26";"6";"18";"28";"18";"40";"281"
"431046 IPIRANGA DO SUL";"5";"3";"2";"1";"0";"0";"0";"0";"0";"4";"3";"0";"18"
"431050 IRAI";"24";"30";"42";"48";"2";"3";"23";"37";"35";"31";"34";"26";"335"
"431053 ITAARA";"3";"6";"7";"25";"3";"17";"0";"22";"1";"17";"19";"35";"155"
"431055 ITACURUBI";"13";"24";"31";"9";"22";"2";"5";"20";"1";"19";"16";"28";"190"
"431057 ITAPUCA";"6";"5";"7";"6";"16";"5";"7";"5";"8";"3";"11";"12";"91"
"431065 ITATI";"4";"0";"0";"12";"1";"16";"14";"14";"31";"18";"6";"2";"118"
"431070 ITATIBA DO SUL";"6";"6";"8";"8";"8";"8";"17";"14";"15";"9";"19";"6";"124"
"431075 IVORA";"5";"6";"3";"5";"5";"2";"4";"7";"7";"7";"5";"4";"60"
"431080 IVOTI";"53";"77";"65";"59";"56";"64";"94";"47";"55";"56";"65";"66";"757"
"431085 JABOTICABA";"0";"0";"19";"15";"0";"5";"23";"6";"14";"20";"20";"20";"142"
"431087 JACUIZINHO";"10";"6";"6";"13";"2";"3";"4";"8";"3";"5";"18";"2";"80"
"431090 JACUTINGA";"6";"1";"6";"1";"2";"2";"4";"1";"1";"4";"6";"1";"35"
"431100 JAGUARAO";"34";"52";"52";"58";"30";"0";"40";"43";"43";"49";"50";"36";"487"
"431110 JAGUARI";"6";"1";"2";"0";"4";"2";"2";"3";"1";"2";"3";"9";"35"
"431112 JAQUIRANA";"7";"0";"10";"0";"0";"2";"16";"1";"0";"23";"9";"0";"68"
"431113 JARI";"0";"0";"2";"0";"4";"0";"2";"2";"0";"3";"9";"4";"26"
"431115 JOIA";"16";"29";"35";"23";"29";"33";"24";"23";"46";"48";"18";"33";"357"
"431120 JULIO DE CASTILHOS";"23";"1";"1";"73";"39";"34";"35";"34";"41";"31";"114";"38";"464"
"431123 LAGOA BONITA DO SUL";"8";"3";"60";"16";"27";"9";"8";"18";"5";"11";"10";"14";"189"
"431125 LAGOAO";"8";"6";"14";"17";"8";"13";"12";"15";"13";"12";"11";"13";"142"
"431127 LAGOA DOS TRES CANTOS";"2";"1";"4";"1";"3";"4";"4";"4";"6";"3";"0";"8";"40"
"431130 LAGOA VERMELHA";"70";"69";"76";"81";"69";"72";"65";"71";"69";"79";"67";"71";"859"
"431140 LAJEADO";"435";"312";"157";"425";"330";"285";"282";"261";"288";"265";"413";"382";"3835"
"431142 LAJEADO DO BUGRE";"0";"0";"7";"1";"0";"18";"6";"7";"7";"5";"7";"2";"60"
"431150 LAVRAS DO SUL";"8";"11";"10";"9";"11";"0";"10";"0";"2";"7";"12";"0";"80"
"431160 LIBERATO SALZANO";"39";"20";"58";"26";"0";"0";"9";"34";"21";"63";"30";"3";"303"
"431162 LINDOLFO COLLOR";"16";"15";"19";"54";"0";"30";"47";"29";"46";"30";"29";"27";"342"
"431170 MACHADINHO";"6";"3";"14";"11";"19";"5";"23";"15";"8";"18";"29";"28";"179"
"431173 MAMPITUBA";"9";"7";"9";"8";"6";"9";"8";"9";"2";"4";"6";"0";"77"
"431175 MANOEL VIANA";"21";"27";"20";"20";"27";"15";"18";"19";"13";"18";"23";"44";"265"
"431177 MAQUINE";"14";"1";"11";"0";"10";"16";"9";"12";"17";"12";"1";"6";"109"
"431179 MARATA";"8";"5";"10";"7";"23";"30";"6";"0";"5";"30";"15";"15";"154"
"431180 MARAU";"132";"102";"96";"131";"122";"91";"142";"128";"111";"128";"139";"54";"1376"
"431190 MARCELINO RAMOS";"1";"10";"16";"3";"8";"11";"8";"17";"0";"13";"17";"8";"112"
"431200 MARIANO MORO";"0";"1";"9";"0";"3";"4";"16";"0";"9";"0";"12";"0";"54"
"431205 MARQUES DE SOUZA";"12";"18";"0";"28";"14";"12";"5";"12";"17";"20";"20";"8";"166"
"431210 MATA";"11";"2";"0";"1";"0";"2";"1";"2";"5";"6";"7";"2";"39"
"431213 MATO CASTELHANO";"12";"12";"1";"0";"0";"13";"20";"23";"26";"29";"8";"17";"161"
"431215 MATO LEITAO";"0";"0";"0";"0";"12";"0";"0";"0";"13";"18";"18";"0";"61"
"431217 MATO QUEIMADO";"0";"0";"10";"5";"0";"15";"10";"10";"5";"5";"5";"8";"73"
"431220 MAXIMILIANO DE ALMEIDA";"24";"27";"17";"8";"28";"22";"0";"10";"14";"12";"30";"26";"218"
"431225 MINAS DO LEAO";"0";"0";"0";"8";"4";"7";"8";"0";"0";"0";"0";"0";"27"
"431237 MONTE ALEGRE DOS CAMPOS";"0";"1";"4";"2";"0";"8";"0";"0";"0";"8";"6";"0";"29"
"431238 MONTE BELO DO SUL";"12";"0";"10";"16";"11";"7";"26";"10";"7";"9";"12";"14";"134"
"431240 MONTENEGRO";"91";"72";"111";"52";"17";"25";"43";"0";"84";"108";"84";"84";"771"
"431242 MORMACO";"1";"18";"0";"10";"6";"6";"8";"6";"9";"12";"8";"9";"93"
"431244 MORRINHOS DO SUL";"29";"6";"0";"14";"31";"19";"12";"15";"14";"18";"16";"12";"186"
"431245 MORRO REDONDO";"15";"0";"0";"15";"11";"1";"10";"4";"11";"7";"4";"13";"91"
"431247 MORRO REUTER";"32";"30";"43";"14";"55";"33";"55";"46";"24";"42";"16";"29";"419"
"431250 MOSTARDAS";"36";"26";"28";"8";"40";"33";"34";"30";"28";"23";"36";"25";"347"
"431260 MUCUM";"12";"14";"19";"18";"16";"7";"9";"13";"9";"13";"16";"15";"161"
"431261 MUITOS CAPOES";"4";"8";"0";"0";"0";"6";"0";"0";"0";"17";"0";"0";"35"
"431262 MULITERNO";"7";"6";"15";"6";"8";"18";"10";"2";"10";"35";"28";"14";"159"
"431265 NAO-ME-TOQUE";"37";"18";"43";"16";"33";"26";"15";"42";"54";"22";"12";"3";"321"
"431267 NICOLAU VERGUEIRO";"16";"12";"1";"4";"6";"8";"13";"13";"16";"12";"11";"9";"121"
"431270 NONOAI";"10";"16";"39";"39";"40";"25";"26";"27";"25";"14";"24";"20";"305"
"431275 NOVA ALVORADA";"11";"16";"11";"12";"12";"13";"13";"12";"11";"12";"13";"11";"147"
"431290 NOVA BASSANO";"45";"49";"36";"48";"49";"39";"39";"35";"53";"138";"39";"34";"604"
"431295 NOVA BOA VISTA";"2";"0";"22";"5";"0";"0";"1";"0";"0";"1";"0";"0";"31"
"431300 NOVA BRESCIA";"11";"12";"11";"14";"13";"19";"22";"17";"18";"14";"13";"10";"174"
"431301 NOVA CANDELARIA";"24";"3";"12";"6";"17";"0";"9";"5";"11";"12";"12";"13";"124"
"431303 NOVA ESPERANCA DO SUL";"63";"44";"38";"31";"32";"45";"22";"41";"26";"45";"50";"51";"488"
"431308 NOVA PADUA";"12";"3";"4";"7";"7";"6";"4";"1";"10";"14";"10";"8";"86"
"431310 NOVA PALMA";"24";"23";"20";"23";"24";"12";"16";"10";"19";"22";"10";"16";"219"
"431320 NOVA PETROPOLIS";"39";"84";"79";"106";"85";"75";"99";"70";"80";"112";"75";"38";"942"
"431333 NOVA RAMADA";"0";"0";"0";"0";"0";"0";"11";"9";"13";"30";"16";"13";"92"
"431335 NOVA ROMA DO SUL";"6";"3";"11";"10";"0";"10";"8";"6";"4";"5";"7";"7";"77"
"431337 NOVA SANTA RITA";"0";"0";"0";"0";"0";"0";"0";"0";"16";"29";"28";"36";"109"
"431339 NOVO CABRAIS";"12";"23";"9";"14";"0";"5";"15";"7";"3";"6";"1";"10";"105"
"431340 NOVO HAMBURGO";"561";"431";"583";"231";"521";"580";"536";"539";"580";"398";"961";"722";"6643"
"431342 NOVO MACHADO";"0";"14";"9";"25";"18";"0";"5";"18";"14";"29";"0";"23";"155"
"431344 NOVO TIRADENTES";"7";"7";"8";"12";"0";"0";"0";"0";"5";"4";"0";"0";"43"
"431346 NOVO XINGU";"24";"0";"7";"7";"0";"1";"14";"19";"12";"12";"13";"9";"118"
"431349 NOVO BARREIRO";"9";"37";"4";"5";"0";"11";"19";"14";"17";"12";"0";"6";"134"
"431350 OSORIO";"75";"176";"141";"128";"155";"160";"135";"149";"175";"103";"175";"158";"1730"
"431360 PAIM FILHO";"23";"18";"11";"18";"1";"14";"18";"17";"6";"20";"32";"15";"193"
"431365 PALMARES DO SUL";"38";"12";"4";"4";"12";"12";"11";"4";"24";"42";"32";"12";"207"
"431370 PALMEIRA DAS MISSOES";"9";"57";"59";"83";"32";"120";"92";"185";"244";"213";"167";"177";"1438"
"431380 PALMITINHO";"33";"49";"23";"34";"3";"2";"8";"30";"63";"28";"27";"54";"354"
"431390 PANAMBI";"117";"326";"1";"226";"113";"129";"128";"85";"181";"111";"141";"67";"1625"
"431400 PARAI";"0";"36";"29";"25";"12";"24";"11";"0";"28";"0";"0";"11";"176"
"431402 PARAISO DO SUL";"0";"0";"0";"0";"0";"0";"0";"0";"0";"0";"11";"1";"12"
"431403 PARECI NOVO";"4";"5";"1";"7";"9";"6";"7";"0";"0";"0";"0";"2";"41"
"431405 PAROBE";"5";"0";"2";"1";"4";"1";"1";"1";"0";"0";"0";"15";"30"
"431406 PASSA SETE";"12";"22";"14";"13";"28";"31";"20";"15";"24";"25";"19";"12";"235"
"431407 PASSO DO SOBRADO";"0";"10";"23";"14";"12";"11";"27";"14";"13";"8";"0";"0";"132"
"431410 PASSO FUNDO";"450";"462";"465";"437";"541";"494";"496";"592";"472";"605";"539";"628";"6181"
"431413 PAULO BENTO";"11";"12";"11";"2";"4";"2";"13";"10";"1";"3";"6";"4";"79"
"431415 PAVERAMA";"20";"25";"18";"26";"33";"23";"18";"16";"24";"27";"28";"24";"282"
"431417 PEDRAS ALTAS";"1";"0";"3";"2";"4";"3";"4";"4";"3";"4";"3";"23";"54"
"431420 PEDRO OSORIO";"16";"17";"16";"16";"18";"15";"13";"14";"12";"14";"12";"6";"169"
"431430 PEJUCARA";"22";"25";"20";"9";"3";"14";"7";"16";"7";"9";"9";"49";"190"
"431440 PELOTAS";"426";"421";"385";"458";"363";"509";"504";"369";"563";"472";"495";"367";"5332"
"431442 PICADA CAFE";"0";"2";"1";"2";"3";"4";"8";"0";"0";"0";"0";"0";"20"
"431445 PINHAL";"1";"0";"0";"48";"14";"15";"8";"16";"7";"13";"4";"12";"138"
"431446 PINHAL DA SERRA";"0";"4";"0";"0";"0";"3";"0";"0";"0";"11";"0";"0";"18"
"431447 PINHAL GRANDE";"33";"9";"6";"26";"22";"13";"7";"10";"8";"19";"13";"17";"183"
"431449 PINHEIRINHO DO VALE";"10";"7";"19";"8";"0";"0";"12";"37";"14";"25";"0";"0";"132"
"431450 PINHEIRO MACHADO";"26";"15";"23";"25";"27";"29";"23";"29";"31";"32";"35";"21";"316"
"431454 PINTO BANDEIRA";"7";"3";"2";"0";"7";"5";"6";"8";"7";"5";"0";"12";"62"
"431455 PIRAPO";"0";"0";"6";"0";"18";"0";"3";"10";"8";"9";"22";"1";"77"
"431460 PIRATINI";"37";"15";"48";"36";"29";"2";"53";"43";"35";"70";"70";"132";"570"
"431470 PLANALTO";"8";"22";"15";"7";"7";"3";"4";"15";"13";"14";"5";"10";"123"
"431475 POCO DAS ANTAS";"12";"8";"4";"10";"11";"7";"6";"7";"11";"7";"8";"7";"98"
"431477 PONTAO";"6";"6";"9";"6";"10";"6";"21";"17";"26";"26";"22";"35";"190"
"431478 PONTE PRETA";"0";"0";"3";"0";"4";"0";"3";"2";"1";"7";"5";"4";"29"
"431480 PORTAO";"174";"160";"168";"164";"167";"194";"144";"168";"134";"117";"118";"152";"1860"
"431490 PORTO ALEGRE";"295";"18";"545";"573";"718";"648";"620";"394";"432";"764";"1242";"840";"7089"
"431500 PORTO LUCENA";"23";"0";"0";"18";"30";"3";"0";"16";"15";"0";"0";"32";"137"
"431505 PORTO MAUA";"0";"4";"6";"0";"15";"0";"0";"0";"0";"5";"13";"23";"66"
"431507 PORTO VERA CRUZ";"0";"3";"5";"0";"0";"0";"5";"0";"0";"4";"5";"4";"26"
"431510 PORTO XAVIER";"2";"0";"0";"32";"8";"33";"43";"45";"24";"34";"6";"32";"259"
"431513 POUSO NOVO";"12";"6";"6";"7";"7";"7";"8";"19";"4";"9";"4";"6";"95"
"431514 PRESIDENTE LUCENA";"7";"7";"13";"11";"3";"16";"19";"10";"15";"15";"18";"21";"155"
"431515 PROGRESSO";"17";"22";"15";"17";"14";"13";"23";"21";"17";"20";"16";"17";"212"
"431520 PUTINGA";"11";"3";"1";"8";"9";"5";"4";"5";"5";"13";"16";"12";"92"
"431530 QUARAI";"57";"91";"91";"66";"50";"35";"45";"49";"57";"72";"62";"39";"714"
"431531 QUATRO IRMAOS";"0";"1";"2";"3";"1";"5";"4";"2";"7";"6";"6";"2";"39"
"431532 QUEVEDOS";"3";"0";"3";"2";"1";"1";"0";"0";"0";"3";"1";"1";"15"
"431535 QUINZE DE NOVEMBRO";"0";"4";"1";"3";"6";"3";"6";"0";"0";"8";"3";"7";"41"
"431540 REDENTORA";"14";"11";"11";"8";"17";"8";"14";"12";"19";"9";"13";"0";"136"
"431545 RELVADO";"9";"13";"6";"8";"9";"5";"6";"13";"9";"11";"9";"7";"105"
"431550 RESTINGA SECA";"15";"3";"3";"1";"0";"1";"1";"2";"2";"0";"2";"18";"48"
"431555 RIO DOS INDIOS";"2";"7";"11";"5";"13";"3";"9";"20";"6";"9";"7";"7";"99"
"431560 RIO GRANDE";"346";"155";"359";"108";"0";"200";"180";"266";"596";"617";"558";"190";"3575"
"431575 RIOZINHO";"0";"0";"1";"0";"8";"1";"0";"0";"0";"18";"1";"0";"29"
"431580 ROCA SALES";"43";"34";"44";"30";"35";"30";"25";"37";"35";"39";"33";"33";"418"
"431590 RODEIO BONITO";"30";"49";"55";"54";"37";"53";"29";"14";"22";"23";"15";"33";"414"
"431595 ROLADOR";"17";"8";"24";"7";"13";"17";"12";"15";"9";"9";"7";"25";"163"
"431600 ROLANTE";"5";"1";"1";"0";"7";"1";"0";"0";"0";"55";"2";"1";"73"
"431610 RONDA ALTA";"61";"53";"73";"54";"74";"53";"36";"52";"48";"85";"63";"75";"727"
"431620 RONDINHA";"60";"26";"21";"39";"27";"24";"19";"14";"16";"45";"31";"54";"376"
"431630 ROQUE GONZALES";"39";"8";"13";"1";"31";"34";"26";"48";"35";"24";"6";"51";"316"
"431642 SAGRADA FAMILIA";"0";"0";"0";"0";"3";"8";"5";"9";"5";"9";"17";"16";"72"
"431643 SALDANHA MARINHO";"10";"12";"0";"18";"3";"11";"8";"0";"6";"5";"3";"10";"86"
"431645 SALTO DO JACUI";"45";"43";"46";"48";"44";"17";"38";"11";"28";"23";"51";"62";"456"
"431647 SALVADOR DAS MISSOES";"25";"0";"10";"18";"0";"3";"11";"19";"5";"5";"6";"17";"119"
"431650 SALVADOR DO SUL";"11";"10";"26";"28";"20";"11";"20";"0";"22";"24";"29";"29";"230"
"431660 SANANDUVA";"83";"75";"74";"77";"62";"65";"35";"39";"58";"126";"115";"118";"927"
"431670 SANTA BARBARA DO SUL";"4";"21";"10";"21";"15";"11";"21";"22";"20";"60";"26";"21";"252"
"431673 SANTA CECILIA DO SUL";"7";"6";"15";"15";"10";"6";"9";"12";"5";"6";"13";"17";"121"
"431675 SANTA CLARA DO SUL";"30";"17";"1";"37";"17";"16";"16";"18";"15";"9";"18";"22";"216"
"431680 SANTA CRUZ DO SUL";"327";"280";"373";"428";"348";"300";"286";"300";"392";"502";"468";"397";"4401"
"431690 SANTA MARIA";"459";"694";"630";"465";"497";"682";"820";"681";"560";"692";"702";"784";"7666"
"431695 SANTA MARIA DO HERVAL";"46";"14";"33";"12";"32";"29";"42";"31";"27";"33";"24";"64";"387"
"431700 SANTANA DA BOA VISTA";"18";"3";"21";"3";"6";"0";"12";"16";"13";"11";"24";"31";"158"
"431710 SANT\'ANA DO LIVRAMENTO";"159";"82";"168";"222";"232";"130";"119";"84";"152";"192";"190";"154";"1884"
"431720 SANTA ROSA";"289";"347";"449";"322";"196";"208";"273";"268";"309";"272";"253";"332";"3518"
"431725 SANTA TEREZA";"16";"6";"12";"8";"16";"9";"9";"11";"15";"6";"1";"0";"109"
"431730 SANTA VITORIA DO PALMAR";"67";"42";"60";"20";"18";"49";"55";"66";"68";"149";"176";"107";"877"
"431740 SANTIAGO";"159";"160";"148";"175";"157";"162";"158";"117";"156";"241";"219";"154";"2006"
"431750 SANTO ANGELO";"145";"141";"146";"147";"141";"140";"141";"141";"141";"144";"116";"156";"1699"
"431755 SANTO ANTONIO DO PALMA";"8";"13";"1";"13";"8";"7";"11";"13";"15";"5";"21";"12";"127"
"431760 SANTO ANTONIO DA PATRULHA";"127";"93";"126";"113";"107";"73";"76";"89";"93";"98";"169";"179";"1343"
"431770 SANTO ANTONIO DAS MISSOES";"26";"17";"17";"18";"31";"14";"24";"14";"24";"30";"10";"29";"254"
"431775 SANTO ANTONIO DO PLANALTO";"16";"12";"1";"0";"0";"5";"15";"2";"13";"8";"11";"2";"85"
"431780 SANTO AUGUSTO";"0";"0";"0";"0";"0";"0";"43";"37";"31";"96";"53";"55";"315"
"431790 SANTO CRISTO";"19";"28";"36";"40";"42";"38";"41";"31";"43";"69";"50";"50";"487"
"431795 SANTO EXPEDITO DO SUL";"12";"17";"7";"5";"16";"6";"3";"8";"7";"4";"20";"5";"110"
"431800 SAO BORJA";"263";"227";"3";"0";"0";"0";"342";"439";"271";"325";"266";"275";"2411"
"431805 SAO DOMINGOS DO SUL";"18";"19";"23";"12";"8";"18";"5";"9";"21";"27";"14";"39";"213"
"431810 SAO FRANCISCO DE ASSIS";"76";"49";"83";"53";"84";"62";"67";"99";"49";"76";"95";"64";"857"
"431820 SAO FRANCISCO DE PAULA";"163";"228";"192";"193";"260";"155";"46";"115";"135";"332";"115";"94";"2028"
"431840 SAO JERONIMO";"0";"0";"0";"61";"38";"48";"38";"95";"108";"147";"112";"97";"744"
"431842 SAO JOAO DA URTIGA";"40";"22";"20";"27";"28";"19";"9";"24";"10";"44";"12";"40";"295"
"431843 SAO JOAO DO POLESINE";"4";"2";"2";"6";"6";"2";"8";"1";"4";"30";"6";"13";"84"
"431845 SAO JOSE DAS MISSOES";"14";"0";"4";"8";"8";"2";"5";"15";"0";"16";"9";"0";"81"
"431846 SAO JOSE DO HERVAL";"0";"0";"5";"0";"7";"9";"3";"0";"5";"5";"6";"6";"46"
"431848 SAO JOSE DO HORTENCIO";"15";"12";"16";"27";"13";"39";"46";"17";"32";"27";"28";"31";"303"
"431849 SAO JOSE DO INHACORA";"20";"10";"15";"10";"5";"26";"10";"5";"10";"10";"9";"15";"145"
"431850 SAO JOSE DO NORTE";"1";"38";"55";"8";"0";"81";"10";"29";"18";"26";"36";"1";"303"
"431860 SAO JOSE DO OURO";"18";"24";"39";"16";"22";"13";"14";"18";"16";"29";"48";"30";"287"
"431861 SAO JOSE DO SUL";"5";"2";"0";"9";"7";"4";"0";"0";"8";"4";"7";"3";"49"
"431862 SAO JOSE DOS AUSENTES";"1";"4";"0";"0";"3";"12";"6";"0";"0";"5";"6";"0";"37"
"431870 SAO LEOPOLDO";"431";"424";"426";"389";"403";"399";"347";"469";"431";"450";"480";"499";"5148"
"431880 SAO LOURENCO DO SUL";"122";"135";"117";"135";"128";"114";"114";"113";"135";"131";"135";"83";"1462"
"431890 SAO LUIZ GONZAGA";"143";"94";"107";"100";"158";"117";"82";"108";"109";"166";"285";"220";"1689"
"431900 SAO MARCOS";"26";"18";"29";"21";"31";"18";"29";"9";"24";"20";"20";"24";"269"
"431910 SAO MARTINHO";"1";"6";"4";"0";"3";"3";"15";"16";"20";"39";"21";"32";"160"
"431912 SAO MARTINHO DA SERRA";"0";"18";"9";"6";"9";"11";"4";"8";"36";"2";"28";"43";"174"
"431915 SAO MIGUEL DAS MISSOES";"0";"26";"38";"23";"41";"4";"25";"28";"24";"8";"4";"54";"275"
"431920 SAO NICOLAU";"1";"7";"13";"9";"26";"3";"29";"2";"11";"9";"10";"22";"142"
"431930 SAO PAULO DAS MISSOES";"20";"22";"34";"18";"14";"29";"26";"36";"18";"15";"0";"33";"265"
"431935 SAO PEDRO DA SERRA";"15";"5";"10";"19";"18";"5";"8";"12";"7";"7";"7";"5";"118"
"431936 SAO PEDRO DAS MISSOES";"6";"5";"8";"3";"7";"0";"0";"3";"11";"8";"5";"12";"68"
"431937 SAO PEDRO DO BUTIA";"0";"5";"20";"12";"19";"15";"13";"16";"23";"5";"7";"22";"157"
"431940 SAO PEDRO DO SUL";"17";"3";"13";"0";"13";"4";"5";"2";"26";"1";"13";"35";"132"
"431950 SAO SEBASTIAO DO CAI";"33";"35";"45";"62";"62";"39";"24";"0";"43";"58";"41";"28";"470"
"431960 SAO SEPE";"107";"100";"101";"101";"63";"100";"97";"64";"43";"72";"66";"102";"1016"
"431970 SAO VALENTIM";"1";"1";"1";"5";"0";"7";"3";"7";"5";"7";"14";"5";"56"
"431971 SAO VALENTIM DO SUL";"12";"9";"9";"9";"9";"11";"12";"8";"9";"9";"8";"9";"114"
"431973 SAO VALERIO DO SUL";"0";"0";"0";"0";"0";"0";"10";"10";"4";"26";"25";"22";"97"
"431975 SAO VENDELINO";"0";"0";"12";"5";"0";"0";"5";"4";"6";"5";"2";"0";"39"
"431980 SAO VICENTE DO SUL";"19";"22";"26";"20";"34";"28";"20";"27";"26";"22";"22";"18";"284"
"432010 SARANDI";"21";"0";"82";"40";"1";"1";"2";"7";"11";"97";"4";"16";"282"
"432020 SEBERI";"19";"25";"24";"31";"3";"3";"16";"24";"31";"79";"50";"45";"350"
"432023 SEDE NOVA";"3";"11";"14";"17";"13";"10";"14";"13";"16";"12";"14";"15";"152"
"432026 SEGREDO";"17";"11";"34";"25";"34";"62";"41";"34";"46";"16";"27";"35";"382"
"432030 SELBACH";"10";"0";"0";"19";"4";"9";"9";"0";"4";"17";"10";"8";"90"
"432032 SENADOR SALGADO FILHO";"0";"2";"1";"22";"3";"10";"8";"13";"6";"11";"0";"33";"109"
"432040 SERAFINA CORREA";"138";"206";"168";"134";"171";"75";"42";"0";"41";"213";"225";"111";"1524"
"432045 SERIO";"0";"0";"0";"0";"0";"0";"24";"18";"9";"24";"0";"16";"91"
"432050 SERTAO";"18";"20";"11";"20";"15";"7";"18";"31";"26";"19";"4";"53";"242"
"432057 SETE DE SETEMBRO";"14";"0";"14";"12";"11";"0";"7";"3";"7";"8";"3";"20";"99"
"432060 SEVERIANO DE ALMEIDA";"5";"14";"21";"9";"11";"4";"10";"6";"10";"12";"33";"3";"138"
"432065 SILVEIRA MARTINS";"3";"4";"9";"11";"7";"3";"1";"9";"11";"6";"2";"18";"84"
"432067 SINIMBU";"10";"28";"24";"13";"0";"10";"32";"21";"21";"20";"21";"19";"219"
"432070 SOBRADINHO";"25";"38";"21";"50";"23";"18";"29";"53";"33";"24";"55";"57";"426"
"432080 SOLEDADE";"56";"105";"77";"76";"65";"49";"39";"67";"76";"76";"109";"77";"872"
"432085 TABAI";"6";"7";"7";"9";"11";"7";"6";"0";"0";"6";"0";"0";"59"
"432090 TAPEJARA";"108";"82";"106";"94";"122";"78";"51";"70";"69";"105";"151";"257";"1293"
"432100 TAPERA";"15";"22";"28";"14";"28";"22";"27";"27";"36";"15";"27";"32";"293"
"432120 TAQUARA";"175";"190";"181";"174";"188";"154";"163";"114";"180";"217";"199";"168";"2103"
"432130 TAQUARI";"0";"0";"0";"0";"0";"0";"50";"57";"65";"83";"77";"79";"411"
"432132 TAQUARUCU DO SUL";"23";"10";"10";"9";"17";"9";"9";"18";"18";"28";"79";"29";"259"
"432135 TAVARES";"10";"7";"24";"3";"16";"13";"16";"6";"14";"6";"9";"19";"143"
"432140 TENENTE PORTELA";"71";"52";"51";"41";"57";"55";"39";"50";"89";"79";"58";"47";"689"
"432143 TERRA DE AREIA";"18";"41";"36";"30";"53";"26";"31";"27";"24";"30";"23";"21";"360"
"432145 TEUTONIA";"90";"82";"78";"83";"87";"81";"88";"82";"91";"94";"81";"91";"1028"
"432146 TIO HUGO";"18";"22";"9";"18";"1";"2";"21";"29";"23";"0";"18";"52";"213"
"432147 TIRADENTES DO SUL";"12";"13";"13";"16";"23";"19";"15";"14";"18";"12";"20";"36";"211"
"432149 TOROPI";"3";"8";"8";"8";"8";"8";"3";"6";"6";"14";"15";"15";"102"
"432150 TORRES";"111";"83";"80";"99";"41";"172";"121";"63";"40";"9";"20";"3";"842"
"432160 TRAMANDAI";"66";"49";"78";"29";"49";"74";"27";"57";"58";"28";"45";"91";"651"
"432162 TRAVESSEIRO";"5";"4";"5";"11";"5";"4";"7";"4";"9";"0";"6";"8";"68"
"432163 TRES ARROIOS";"6";"5";"7";"2";"9";"6";"15";"11";"7";"11";"9";"5";"93"
"432166 TRES CACHOEIRAS";"89";"47";"31";"24";"15";"33";"35";"13";"21";"16";"36";"27";"387"
"432170 TRES COROAS";"42";"47";"43";"48";"46";"43";"42";"52";"9";"28";"50";"42";"492"
"432180 TRES DE MAIO";"62";"0";"58";"115";"58";"56";"57";"62";"62";"65";"60";"63";"718"
"432183 TRES FORQUILHAS";"7";"23";"15";"21";"19";"16";"19";"14";"15";"44";"2";"9";"204"
"432185 TRES PALMEIRAS";"39";"12";"12";"28";"11";"11";"6";"14";"8";"15";"37";"19";"212"
"432190 TRES PASSOS";"86";"90";"82";"74";"80";"88";"91";"79";"78";"88";"81";"55";"972"
"432195 TRINDADE DO SUL";"5";"8";"7";"42";"9";"71";"33";"43";"10";"18";"26";"17";"289"
"432210 TUCUNDUVA";"1";"20";"48";"27";"7";"0";"20";"0";"3";"9";"11";"14";"160"
"432215 TUNAS";"10";"12";"13";"12";"7";"8";"9";"9";"8";"8";"11";"10";"117"
"432218 TUPANCI DO SUL";"16";"7";"10";"1";"4";"2";"3";"2";"9";"8";"5";"3";"70"
"432220 TUPANCIRETA";"16";"0";"0";"21";"43";"19";"27";"28";"28";"26";"0";"19";"227"
"432225 TUPANDI";"9";"8";"8";"10";"12";"7";"8";"0";"50";"29";"34";"19";"194"
"432230 TUPARENDI";"53";"15";"13";"0";"47";"28";"23";"36";"10";"38";"13";"17";"293"
"432232 TURUCU";"11";"10";"9";"11";"10";"9";"10";"10";"10";"11";"8";"10";"119"
"432234 UBIRETAMA";"9";"0";"10";"0";"13";"8";"0";"12";"5";"20";"6";"6";"89"
"432235 UNIAO DA SERRA";"0";"0";"2";"2";"0";"9";"1";"2";"2";"0";"0";"4";"22"
"432237 UNISTALDA";"14";"13";"23";"12";"23";"10";"16";"13";"16";"27";"18";"20";"205"
"432240 URUGUAIANA";"267";"270";"310";"264";"272";"263";"272";"226";"264";"228";"268";"515";"3419"
"432250 VACARIA";"230";"218";"270";"266";"201";"76";"134";"172";"172";"44";"123";"120";"2026"
"432252 VALE VERDE";"0";"15";"17";"11";"10";"0";"0";"0";"0";"0";"0";"0";"53"
"432253 VALE DO SOL";"22";"22";"18";"21";"0";"20";"33";"18";"20";"22";"23";"15";"234"
"432254 VALE REAL";"9";"6";"5";"5";"5";"10";"5";"7";"8";"7";"6";"5";"78"
"432255 VANINI";"8";"19";"15";"15";"6";"24";"9";"2";"15";"15";"1";"41";"170"
"432260 VENANCIO AIRES";"185";"205";"162";"165";"161";"133";"114";"144";"168";"175";"209";"230";"2051"
"432270 VERA CRUZ";"37";"46";"30";"21";"0";"37";"22";"20";"29";"29";"21";"30";"322"
"432280 VERANOPOLIS";"48";"56";"49";"52";"47";"55";"51";"52";"60";"18";"104";"49";"641"
"432285 VESPASIANO CORREA";"7";"0";"5";"10";"8";"12";"9";"12";"7";"7";"8";"8";"93"
"432290 VIADUTOS";"6";"8";"17";"10";"9";"12";"3";"15";"13";"6";"10";"10";"119"
"432310 VICENTE DUTRA";"4";"5";"9";"9";"0";"0";"3";"6";"5";"18";"6";"10";"75"
"432320 VICTOR GRAEFF";"7";"3";"4";"8";"4";"9";"1";"2";"6";"7";"6";"7";"64"
"432330 VILA FLORES";"0";"0";"0";"0";"1";"0";"0";"0";"0";"0";"0";"0";"1"
"432335 VILA LANGARO";"27";"15";"13";"7";"17";"7";"13";"15";"15";"11";"13";"31";"184"
"432340 VILA MARIA";"15";"13";"19";"12";"15";"13";"15";"5";"13";"15";"25";"16";"176"
"432350 VISTA ALEGRE";"30";"22";"18";"7";"6";"3";"6";"20";"8";"16";"17";"12";"165"
"432360 VISTA ALEGRE DO PRATA";"9";"12";"9";"11";"0";"8";"6";"0";"11";"7";"0";"18";"91"
"432370 VISTA GAUCHA";"13";"7";"4";"0";"10";"5";"5";"0";"9";"10";"0";"3";"66"
"432375 VITORIA DAS MISSOES";"0";"0";"30";"9";"6";"18";"25";"15";"10";"10";"0";"20";"143"
"432377 WESTFALIA";"10";"10";"11";"11";"11";"13";"8";"12";"9";"12";"11";"10";"128"
"432380 XANGRI-LA";"40";"38";"36";"38";"39";"38";"42";"37";"39";"37";"28";"19";"431"
"Total";"21038";"21611";"22020";"21396";"20661";"19470";"22583";"20877";"22637";"26988";"26441";"25630";"271352"
